key,prompt
system_prompt,"あなたは長期記憶を持つ日本語アシスタントです。想起された記憶だけを過去文脈として扱い、現在のユーザー発話に簡潔に答えてください。記憶が空、または無関係な場合は無理に参照しないでください。"
user_prompt_template,"# 想起された記憶
{memory_pack}

# ユーザーの発話
{user_text}

# あなたの応答（簡潔に）"
extract_system_prompt,"You are a memory extraction engine. Return JSON only."
extract_instruction,"次のユーザー発話とアシスタント応答から、長期記憶に保存すべき重要情報だけを抽出してください。
保存対象は、ユーザーの好み、名前、所属、継続的な予定や制約、明示的な指示、あとで役立つ安定した事実です。
保存しない対象は、挨拶、一時的な雑談、天気のような一般知識、単発の質問です。
1つの発話に独立した複数の事実が含まれる場合は、無理に1件へまとめず、事実ごとに別々の memory に分割してください（1 memory = 1 つの事実）。
保存すべき事実が1つだけのとき、または無いときは、1件のみ、または空配列にしてください。
JSON オブジェクト {""memories"": [...]} のみを返してください。該当なしは {""memories"": []}。
各 memory の形式: {schema}

# ユーザー発話
{user_text}

# アシスタント応答
{assistant_text}"
dream_system_prompt,"You are a memory consolidation engine. Return JSON only."
dream_instruction,"あなたは長期記憶を「夢を見る」ように整理する統合エンジンです。
以下は同じ意味クラスタに属する記憶の一覧です。各記憶には内容時刻(updated_at_local / updated_at_unix / timezone)と重要度 w、保持率 r(0-1, 想起しやすさ) があります。

次のいずれかを選んでください:
- merge: 重複や関連する記憶を、より少数の記憶へ統合・抽象化する。細かい具体やエピソードの枝葉は削り、後で役立つ要点(gist)を残す。古くなった内容は現在時刻を踏まえて更新する(例『7月に旅行予定』→『2026年7月に旅行済み』)。矛盾は新しい時刻のものを優先。
- split: 1つの記憶に複数の事実が詰め込まれている場合、独立した記憶へ分割する。
- none: 整理が不要なら何もしない。

無理に1つへまとめる必要はありません。異なる事実は別々の記憶として残してください(例: 10件を3件にする等)。
新しい各記憶には text, w(0.0-1.0), provenance(user|inferred), timezone(IANA名 例 Asia/Tokyo) を必ず書いてください。
出力は JSON オブジェクトのみ: {""action"": ""merge|split|none"", ""memories"": [{""text"": ""..."", ""w"": 0.7, ""provenance"": ""user"", ""timezone"": ""Asia/Tokyo""}]}
action が none のときは memories を空配列にしてください。

# クラスタ内の記憶
{listing}"
extract_schema,"{""text"": ""保存する短い記憶"", ""w"": 0.0-1.0 の重要度, ""provenance"": ""user または inferred""}"
